SId,Name,BirthDate
integer,varchar(40),date
0,John Doe,01/01/1997
1,Alice Bob,31/10/2004
2,Diana Nielsen,31/05/2003
3,Juan Shaw,07/04/1977
4,Alfred Wood,06/12/1973
5,Michael Schneider,18/09/1960
6,Crystal Beck,03/04/1976
7,Johnny Buck,04/02/1951
8,Shane Hernandez,07/10/1967
9,Andrew Bond,28/11/1964
10,Bryan Phillips,17/12/1978
11,Aimee Ward,13/01/1964
12,Michael Miller,04/10/1975
13,Malik Clark,18/06/1960
14,Sarah Richardson,21/08/1955
15,Michael Gibson,02/04/1982
16,Hannah Avila,08/02/1957
17,David Reed,01/10/1954
18,Scott Allen,02/08/1960
19,Ashley Peterson,05/12/1995
20,Todd Ellis,28/05/1980
21,Jeffrey Herrera,19/01/1985
22,Joshua Stephens,07/04/1968
23,Jamie Gilbert,02/08/1952
24,Kimberly Flynn,24/09/1951
25,Shannon Scott,24/08/1995
26,Joseph Moore,25/10/1953
27,Jonathan Stein,10/06/1991
28,Kenneth Robles,12/07/1960
29,Morgan Novak,14/05/1995
30,Thomas Young,05/03/1952
31,Alexis Murray,05/04/1945
32,Cynthia Gallagher,10/04/1946
33,David Ochoa,03/06/1958
34,Bonnie Davis,18/05/1945
35,Mary Warren,15/08/1953
36,Ross Wood,30/10/1955
37,Douglas Garcia,25/02/1989
38,Jill Pena,26/11/1984
39,Thomas Pham,12/11/1974
40,Jason Wheeler DVM,17/09/1976
41,David Snow,11/12/1975
42,Michael Walter,24/09/2002
43,Lisa Hartman,23/06/1987
44,Sherry Bernard,17/12/1978
45,Jenna Berger,10/07/2004
46,Jennifer Haynes,23/08/1965
47,Sarah Jones,31/03/1975
48,Dr. Elizabeth Harris,16/09/2003
49,Robin Murphy,10/04/1951
50,Kathy Harris,25/09/2004
51,Lauren Mills,01/02/1999
52,Lindsey Mcdonald,24/04/1988
53,Michael Wilson,12/06/1975
54,Linda Robinson DDS,15/12/1982
55,Michael Beck,14/11/1959
56,Brenda Conway,15/02/1959
57,Cory Davidson,30/12/2000
58,Luke Brown,17/05/1999
59,Justin Prince,07/07/1956
60,Mallory Gray,24/12/1978
61,Barry Rodriguez,09/04/1984
62,Carlos Turner,13/08/1959
63,Tanner Johnson,12/08/1967
64,Barry Estrada,15/12/1976
65,Roberto Shepard,25/08/2000
66,Jessica Howard,03/08/1988
67,Monica Mcguire,18/10/1960
68,Jennifer Jones,12/03/1993
69,Michael Cook,28/02/1987
70,Jessica Phelps,28/08/1970
71,Tyler White,31/01/1960
72,Ashley Brewer,08/05/1950
73,Heather Ramos,04/11/1980
74,Linda Robinson,19/07/1996
75,Jeremy Dean,02/09/1997
76,Jessica Gomez,15/02/1976
77,Courtney Salazar,17/08/1944
78,Thomas Jackson,29/08/1972
79,James Griffin,11/06/2001
80,Timothy Bowers,03/08/1994
81,Rhonda Simon,31/07/1956
82,Steven Mcdaniel,22/03/1973
83,Suzanne Lucas,14/11/1948
84,Victor Hendricks,11/05/1984
85,Mr. Bryan Berg,23/03/1950
86,Carrie Ortiz,26/10/1981
87,Jennifer Stephens,17/07/1953
88,James Jones,15/04/1967
89,Thomas Stevens,22/12/1963
90,Jennifer Ramirez,05/05/1979
91,Nicholas Sanders,10/05/1962
92,Rebecca Gregory,25/03/1962
93,Paula Callahan,30/05/1963
94,Jamie Jones,20/10/1955
95,Jeffery Johnston,18/08/1974
96,Jill Gonzalez,16/03/1956
97,David Taylor,26/05/1976
98,David Johnson,07/11/1952
99,Kevin Beard,04/10/1992